{"cameraMode":{"drawMode":0,"name":"Shaded","section":"Shading Mode"},"sceneLighting":true,"audioPlay":false,"sceneViewState":{"m_AlwaysRefresh":false,"showFog":true,"showSkybox":false,"showFlares":true,"showImageEffects":true,"showParticleSystems":true,"showVisualEffectGraphs":true,"m_FxEnabled":true},"in2DMode":false,"pivot":{"x":-2.63700008392334,"y":0.35600000619888308,"z":0.7089999914169312},"rotation":{"x":0.37192174792289736,"y":-0.07673163712024689,"z":0.0303201861679554,"w":0.9244943857192993},"size":0.8675466179847717,"orthographic":false}